Workbook

Sheet MA
A1: t | B1: Y | C1: 2 period MA | D1: 4 period MA | E1: e^2 (2 period MA) | F1: e^2 (4 period MA) | H1: abs(e/Y) | I1: abs(e/Y)
E2: Y-(2 period MA) | F2: Y-(4 period MA) | H2: Y-(2 period MA) | I2: Y-(4 period MA)
A3: 1 | B3: 0.080595289
A4: 2 | B4: 0.032827648
A5: 3 | B5: 0.013653421 | C5: =AVERAGE(B3:B4) -> 0.056711468 | E5: =($B5-C5)^2 -> 0.0018539954 | H5: =ABS((B5-C5)/B5) -> 3.1536453
A6: 4 | B6: 0.0020642716 | C6: =AVERAGE(B4:B5) -> 0.023240534 | E6: =($B6-C6)^2 -> 0.00044843411 | H6: =ABS((B6-C6)/B6) -> 10.258467
A7: 5 | B7: 0.041569255 | C7: =AVERAGE(B5:B6) -> 0.0078588464 | D7: =AVERAGE(B3:B6) -> 0.032285157 | E7: =($B7-C7)^2 -> 0.0011363917 | F7: =($B7-D7)^2 -> 8.6194475e-05 | H7: =ABS((B7-C7)/B7) -> 0.8109457 | I7: =ABS((B7-D7)/B7) -> 0.22334049
A8: 6 | B8: 0.027357781 | C8: =AVERAGE(B6:B7) -> 0.021816763 | D8: =AVERAGE(B4:B7) -> 0.022528649 | E8: =($B8-C8)^2 -> 3.0702879e-05 | F8: =($B8-D8)^2 -> 2.332052e-05 | H8: =ABS((B8-C8)/B8) -> 0.20253901 | I8: =ABS((B8-D8)/B8) -> 0.17651769
A9: 7 | B9: 0.055492918 | C9: =AVERAGE(B7:B8) -> 0.034463518 | D9: =AVERAGE(B5:B8) -> 0.021161182 | E9: =($B9-C9)^2 -> 0.00044223566 | F9: =($B9-D9)^2 -> 0.0011786681 | H9: =ABS((B9-C9)/B9) -> 0.37895646 | I9: =ABS((B9-D9)/B9) -> 0.61866878
A10: 8 | B10: 0.038036718 | C10: =AVERAGE(B8:B9) -> 0.04142535 | D10: =AVERAGE(B6:B9) -> 0.031621057 | E10: =($B10-C10)^2 -> 1.1482821e-05 | F10: =($B10-D10)^2 -> 4.1160718e-05 | H10: =ABS((B10-C10)/B10) -> 0.089088421 | I10: =ABS((B10-D10)/B10) -> 0.16867023
A11: 9 | B11: -0.030139641 | C11: =AVERAGE(B9:B10) -> 0.046764818 | D11: =AVERAGE(B7:B10) -> 0.040614168 | E11: =($B11-C11)^2 -> 0.0059142958 | F11: =($B11-D11)^2 -> 0.0050061015 | H11: =ABS((B11-C11)/B11) -> 2.551605 | I11: =ABS((B11-D11)/B11) -> 2.3475332
A12: 10 | B12: -0.010518068 | C12: =AVERAGE(B10:B11) -> 0.0039485388 | D12: =AVERAGE(B8:B11) -> 0.022686944 | E12: =($B12-C12)^2 -> 0.00020928271 | F12: =($B12-D12)^2 -> 0.0011025728 | H12: =ABS((B12-C12)/B12) -> 1.3754053 | I12: =ABS((B12-D12)/B12) -> 3.1569498
A13: 11 | B13: 0.067394169 | C13: =AVERAGE(B11:B12) -> -0.020328854 | D13: =AVERAGE(B9:B12) -> 0.013217982 | E13: =($B13-C13)^2 -> 0.0076953288 | F13: =($B13-D13)^2 -> 0.0029350592 | H13: =ABS((B13-C13)/B13) -> 1.3016411 | I13: =ABS((B13-D13)/B13) -> 0.80387054
A14: 12 | B14: 0.008602906 | C14: =AVERAGE(B12:B13) -> 0.02843805 | D14: =AVERAGE(B10:B13) -> 0.016193295 | E14: =($B14-C14)^2 -> 0.00039343295 | F14: =($B14-D14)^2 -> 5.7613998e-05 | H14: =ABS((B14-C14)/B14) -> 2.305633 | I14: =ABS((B14-D14)/B14) -> 0.88230518
A15: 13 | B15: 0.096053377 | C15: =AVERAGE(B13:B14) -> 0.037998537 | D15: =AVERAGE(B11:B14) -> 0.0088348415 | E15: =($B15-C15)^2 -> 0.0033703644 | F15: =($B15-D15)^2 -> 0.007607073 | H15: =ABS((B15-C15)/B15) -> 0.60440186 | I15: =ABS((B15-D15)/B15) -> 0.90802154
A16: 14 | B16: 0.056706422 | C16: =AVERAGE(B14:B15) -> 0.052328142 | D16: =AVERAGE(B12:B15) -> 0.040383096 | E16: =($B16-C16)^2 -> 1.9169342e-05 | F16: =($B16-D16)^2 -> 0.00026645098 | H16: =ABS((B16-C16)/B16) -> 0.077209609 | I16: =ABS((B16-D16)/B16) -> 0.28785675
A17: 15 | B17: -0.0048833406 | C17: =AVERAGE(B15:B16) -> 0.0763799 | D17: =AVERAGE(B13:B16) -> 0.057189219 | E17: =($B17-C17)^2 -> 0.0066037143 | F17: =($B17-D17)^2 -> 0.0038530026 | H17: =ABS((B17-C17)/B17) -> 16.640912 | I17: =ABS((B17-D17)/B17) -> 12.711085
A18: 16 | B18: 0.001670895 | C18: =AVERAGE(B16:B17) -> 0.025911541 | D18: =AVERAGE(B14:B17) -> 0.039119841 | E18: =($B18-C18)^2 -> 0.00058760891 | F18: =($B18-D18)^2 -> 0.0014024236 | H18: =ABS((B18-C18)/B18) -> 14.507582 | I18: =ABS((B18-D18)/B18) -> 22.412508
... A27: 25 | B27: -0.038689356 | C27: =AVERAGE(B25:B26) -> 0.094977997 | D27: =AVERAGE(B23:B26) -> 0.068168114 | E27: =($B27-C27)^2 -> 0.017866961 | F27: =($B27-D27)^2 -> 0.011418519 | H27: =ABS((B27-C27)/B27) -> 3.454887 | I27: =ABS((B27-D27)/B27) -> 2.7619346
A28: 26 | C28: =AVERAGE(B26:B27) -> 0.032650975 | D28: =AVERAGE(B24:B27) -> 0.044096341 | E28: =SUM(E5:E27) -> 0.061419687 | F28: =SUM(F5:F27) -> 0.050974519 | G28: SSE | H28: =SUM(H5:H27) -> 66.010114 | I28: =SUM(I7:I27) -> 155.29471
A29: 27 | C29: =AVERAGE(C28,$B27) -> -0.0030191909 | D29: =AVERAGE(D28,B25:B27) -> 0.048840745 | E29: =E28/COUNT(C3:C27) -> 0.0026704212 | F29: =F28/COUNT(D3:D27) -> 0.002427358 | G29: MSE
A30: 28 | C30: =AVERAGE(C28:C29) -> 0.014815892 | D30: =AVERAGE(D28:D29,B26:B27) -> 0.039559759 | E30: =(E28/COUNT(C3:C27))^0.5 -> 0.051676118 | F30: =F29^0.5 -> 0.049268225 | G30: RMSE
A31: 29 | C31: =AVERAGE(C29:C30) -> 0.0058983505 | D31: =AVERAGE(D28:D30,B27) -> 0.023451872 | G31: MAPE | H31: =H28/(25-2)*100 -> 287.0005 | I31: =I28/(25-4)*100 -> 739.4986

Sheet WMA
A1: t | B1: Y | C1: 2 period WMA | D1: 4 period WMA | E1: E^2 (2 p WMA) | F1: E^2 (4 p WMA) | H1: abs(e/Y) | I1: abs(e/Y) | K1: 2 period WMA | L1: 4 period WMA
E2: Y-(2 p WMA) | F2: Y-(4 p WMA) | H2: 2 period MA | I2: 4 period MA | J2: w1 | K2: 0.6 | L2: 0.4
A3: 1 | B3: 0.080595289 | J3: w2 | K3: 0.4 | L3: 0.3
A4: 2 | B4: 0.032827648 | J4: w3 | L4: 0.2
A5: 3 | B5: 0.013653421 | C5: =(K$2*B4)+(K$3*B3) -> 0.051934704 | E5: =($B5-C5)^2 -> 0.0014654566 | H5: =ABS((B5-C5)/B5) -> 2.8037869 | J5: w4 | L5: 0.1
A6: 4 | B6: 0.0020642716 | C6: =(K$2*B5)+(K$3*B4) -> 0.021323112 | E6: =($B6-C6)^2 -> 0.00037090292 | H6: =ABS((B6-C6)/B6) -> 9.3296059 | J6: total | K6: =SUM(K2:K3) -> 1 | L6: =SUM(L2:L5) -> 1
A7: 5 | B7: 0.041569255 | C7: =(K$2*B6)+(K$3*B5) -> 0.0066999314 | D7: =(L$2*B6)+(L$3*B5)+(L$4*B4)+(L$5*B3) -> 0.019546793 | E7: =($B7-C7)^2 -> 0.0012158697 | F7: =($B7-D7)^2 -> 0.00048498883 | H7: =ABS((B7-C7)/B7) -> 0.83882484 | I7: =ABS((B7-D7)/B7) -> 0.52977764
A8: 6 | B8: 0.027357781 | C8: =(K$2*B7)+(K$3*B6) -> 0.025767262 | D8: =(L$2*B7)+(L$3*B6)+(L$4*B5)+(L$5*B4) -> 0.023260433 | E8: =($B8-C8)^2 -> 2.5297523e-06 | F8: =($B8-D8)^2 -> 1.6788267e-05 | H8: =ABS((B8-C8)/B8) -> 0.058137738 | I8: =ABS((B8-D8)/B8) -> 0.14976904
A9: 7 | B9: 0.055492918 | C9: =(K$2*B8)+(K$3*B7) -> 0.033042371 | D9: =(L$2*B8)+(L$3*B7)+(L$4*B6)+(L$5*B5) -> 0.025192086 | E9: =($B9-C9)^2 -> 0.00050402707 | F9: =($B9-D9)^2 -> 0.00091814045 | H9: =ABS((B9-C9)/B9) -> 0.40456599 | I9: =ABS((B9-D9)/B9) -> 0.54603062
A10: 8 | B10: 0.038036718 | C10: =(K$2*B9)+(K$3*B8) -> 0.044238863 | D10: =(L$2*B9)+(L$3*B8)+(L$4*B7)+(L$5*B6) -> 0.03892478 | E10: =($B10-C10)^2 -> 3.8466601e-05 | F10: =($B10-D10)^2 -> 7.8865294e-07 | H10: =ABS((B10-C10)/B10) -> 0.16305678 | I10: =ABS((B10-D10)/B10) -> 0.023347475
A11: 9 | B11: -0.030139641 | C11: =(K$2*B10)+(K$3*B9) -> 0.045019198 | D11: =(L$2*B10)+(L$3*B9)+(L$4*B8)+(L$5*B7) -> 0.041491045 | E11: =($B11-C11)^2 -> 0.0056488511 | F11: =($B11-D11)^2 -> 0.0051309551 | H11: =ABS((B11-C11)/B11) -> 2.4936873 | I11: =ABS((B11-D11)/B11) -> 2.376627
A12: 10 | B12: -0.010518068 | C12: =(K$2*B11)+(K$3*B10) -> -0.0028690972 | D12: =(L$2*B11)+(L$3*B10)+(L$4*B9)+(L$5*B8) -> 0.013189521 | E12: =($B12-C12)^2 -> 5.8506754e-05 | F12: =($B12-D12)^2 -> 0.00056204977 | H12: =ABS((B12-C12)/B12) -> 0.72722203 | I12: =ABS((B12-D12)/B12) -> 2.253987
A13: 11 | B13: 0.067394169 | C13: =(K$2*B12)+(K$3*B11) -> -0.018366697 | D13: =(L$2*B12)+(L$3*B11)+(L$4*B10)+(L$5*B9) -> -9.2483955e-05 | E13: =($B13-C13)^2 -> 0.0073549261 | F13: =($B13-D13)^2 -> 0.0045544483 | H13: =ABS((B13-C13)/B13) -> 1.2725265 | I13: =ABS((B13-D13)/B13) -> 1.0013723
A14: 12 | B14: 0.008602906 | C14: =(K$2*B13)+(K$3*B12) -> 0.036229274 | D14: =(L$2*B13)+(L$3*B12)+(L$4*B11)+(L$5*B10) -> 0.021577991 | E14: =($B14-C14)^2 -> 0.00076321621 | F14: =($B14-D14)^2 -> 0.00016835282 | H14: =ABS((B14-C14)/B14) -> 3.2112833 | I14: =ABS((B14-D14)/B14) -> 1.5082211
A15: 13 | B15: 0.096053377 | C15: =(K$2*B14)+(K$3*B13) -> 0.032119411 | D15: =(L$2*B14)+(L$3*B13)+(L$4*B12)+(L$5*B11) -> 0.018541835 | E15: =($B15-C15)^2 -> 0.004087552 | F15: =($B15-D15)^2 -> 0.0060080391 | H15: =ABS((B15-C15)/B15) -> 0.66560873 | I15: =ABS((B15-D15)/B15) -> 0.80696321
A16: 14 | B16: 0.056706422 | C16: =(K$2*B15)+(K$3*B14) -> 0.061073189 | D16: =(L$2*B15)+(L$3*B14)+(L$4*B13)+(L$5*B12) -> 0.05342925 | E16: =($B16-C16)^2 -> 1.9068649e-05 | F16: =($B16-D16)^2 -> 1.0739861e-05 | H16: =ABS((B16-C16)/B16) -> 0.077006558 | I16: =ABS((B16-D16)/B16) -> 0.057791914
A17: 15 | B17: -0.0048833406 | C17: =(K$2*B16)+(K$3*B15) -> 0.072445204 | D17: =(L$2*B16)+(L$3*B15)+(L$4*B14)+(L$5*B13) -> 0.05995858 | E17: =($B17-C17)^2 -> 0.0059797039 | F17: =($B17-D17)^2 -> 0.0042044747 | H17: =ABS((B17-C17)/B17) -> 15.835173 | I17: =ABS((B17-D17)/B17) -> 13.278189
A18: 16 | B18: 0.001670895 | C18: =(K$2*B17)+(K$3*B16) -> 0.019752565 | D18: =(L$2*B17)+(L$3*B16)+(L$4*B15)+(L$5*B14) -> 0.035129557 | E18: =($B18-C18)^2 -> 0.00032694678 | F18: =($B18-D18)^2 -> 0.001119482 | H18: =ABS((B18-C18)/B18) -> 10.821548 | I18: =ABS((B18-D18)/B18) -> 20.024395
... A27: 25 | B27: -0.038689356 | C27: =(K$2*B26)+(K$3*B25) -> 0.096780659 | D27: =(L$2*B26)+(L$3*B25)+(L$4*B24)+(L$5*B23) -> 0.078169448 | E27: =($B27-C27)^2 -> 0.018352125 | F27: =($B27-D27)^2 -> 0.01365598 | H27: =ABS((B27-C27)/B27) -> 3.5014802 | I27: =ABS((B27-D27)/B27) -> 3.020438
A28: 26 | C28: =(K$2*B27)+(K$3*B26) -> 0.018382908 | D28: =(L$2*B27)+(L$3*B26)+(L$4*B25)+(L$5*B24) -> 0.035426459 | E28: =SUM(E5:E27) -> 0.060434245 | F28: =SUM(F5:F27) -> 0.051384953 | G28: SSE | H28: =SUM(H5:H27) -> 58.735213 | I28: =SUM(I7:I27) -> 106.4747
A29: 27 | C29: =(K$2*C28)+(K$3*B27) -> -0.0044459975 | D29: =(L$2*D28)+(L$3*B27)+(L$4*B26)+(L$5*B25) -> 0.031958507 | E29: =E28/COUNT(E3:E27) -> 0.0026275759 | F29: =F28/COUNT(F3:F27) -> 0.0024469025 | G29: MSE
A30: 28 | C30: =(K$2*C29)+(K$3*C28) -> 0.0046855649 | D30: =(L$2*D29)+(L$3*D28)+(L$4*B27)+(L$5*B26) -> 0.0260726 | E30: =(E28/COUNT(E3:E27))^0.5 -> 0.051259886 | F30: =(F28/COUNT(F3:F27))^0.5 -> 0.049466176 | G30: RMSE
A31: 29 | C31: =(K$2*C30)+(K$3*C29) -> 0.0010329399 | D31: =(L$2*D30)+(L$3*D29)+(L$4*D28)+(L$5*B27) -> 0.023232948 | G31: MAPE | H31: =H28/(25-2)*100 -> 255.37049 | I31: =I28/(25-4)*100 -> 507.02237

Sheet SES
A1: t | B1: Y | C1: S | D1: Y^ | E1: e | F1: e^2 | G1: a | H1: abs(e/Y)
E2: Y-Y^ | G2: 0.2
C3: =AVERAGE(B4:B15) -> 0.027244722
A4: 1 | B4: 0.080595289 | C4: =C3+(G$2*(B4-C3)) -> 0.037914836 | D4: =C3 -> 0.027244722 | E4: =B4-D4 -> 0.053350567 | F4: =E4^2 -> 0.002846283 | H4: =ABS((B4-D4)/B4) -> 0.66195639
A5: 2 | B5: 0.032827648 | C5: =C4+(G$2*(B5-C4)) -> 0.036897398 | D5: =C4 -> 0.037914836 | E5: =B5-D5 -> -0.0050871881 | F5: =E5^2 -> 2.5879483e-05 | H5: =ABS((B5-D5)/B5) -> 0.15496658
A6: 3 | B6: 0.013653421 | C6: =C5+(G$2*(B6-C5)) -> 0.032248603 | D6: =C5 -> 0.036897398 | E6: =B6-D6 -> -0.023243977 | F6: =E6^2 -> 0.00054028246 | H6: =ABS((B6-D6)/B6) -> 1.7024288
A7: 4 | B7: 0.0020642716 | C7: =C6+(G$2*(B7-C6)) -> 0.026211736 | D7: =C6 -> 0.032248603 | E7: =B7-D7 -> -0.030184331 | F7: =E7^2 -> 0.00091109384 | H7: =ABS((B7-D7)/B7) -> 14.622268
A8: 5 | B8: 0.041569255 | C8: =C7+(G$2*(B8-C7)) -> 0.02928324 | D8: =C7 -> 0.026211736 | E8: =B8-D8 -> 0.015357519 | F8: =E8^2 -> 0.00023585338 | H8: =ABS((B8-D8)/B8) -> 0.36944417
A9: 6 | B9: 0.027357781 | C9: =C8+(G$2*(B9-C8)) -> 0.028898148 | D9: =C8 -> 0.02928324 | E9: =B9-D9 -> -0.0019254589 | F9: =E9^2 -> 3.707392e-06 | H9: =ABS((B9-D9)/B9) -> 0.070380668
A10: 7 | B10: 0.055492918 | C10: =C9+(G$2*(B10-C9)) -> 0.034217102 | D10: =C9 -> 0.028898148 | E10: =B10-D10 -> 0.02659477 | F10: =E10^2 -> 0.00070728177 | H10: =ABS((B10-D10)/B10) -> 0.47924619
A11: 8 | B11: 0.038036718 | C11: =C10+(G$2*(B11-C10)) -> 0.034981026 | D11: =C10 -> 0.034217102 | E11: =B11-D11 -> 0.0038196161 | F11: =E11^2 -> 1.4589467e-05 | H11: =ABS((B11-D11)/B11) -> 0.10041918
A12: 9 | B12: -0.030139641 | C12: =C11+(G$2*(B12-C11)) -> 0.021956892 | D12: =C11 -> 0.034981026 | E12: =B12-D12 -> -0.065120667 | F12: =E12^2 -> 0.0042407012 | H12: =ABS((B12-D12)/B12) -> 2.1606318
A13: 10 | B13: -0.010518068 | C13: =C12+(G$2*(B13-C12)) -> 0.0154619 | D13: =C12 -> 0.021956892 | E13: =B13-D13 -> -0.03247496 | F13: =E13^2 -> 0.001054623 | H13: =ABS((B13-D13)/B13) -> 3.0875404
A14: 11 | B14: 0.067394169 | C14: =C13+(G$2*(B14-C13)) -> 0.025848354 | D14: =C13 -> 0.0154619 | E14: =B14-D14 -> 0.051932268 | F14: =E14^2 -> 0.0026969605 | H14: =ABS((B14-D14)/B14) -> 0.7705751
A15: 12 | B15: 0.008602906 | C15: =C14+(G$2*(B15-C14)) -> 0.022399264 | D15: =C14 -> 0.025848354 | E15: =B15-D15 -> -0.017245448 | F15: =E15^2 -> 0.00029740547 | H15: =ABS((B15-D15)/B15) -> 2.0046073
... A28: 25 | B28: -0.038689356 | C28: =C27+(G$2*(B28-C27)) -> 0.040522804 | D28: =C27 -> 0.060325844 | E28: =B28-D28 -> -0.099015201 | F28: =E28^2 -> 0.0098040099 | H28: =ABS((B28-D28)/B28) -> 2.5592362
A29: 26 | C29: =C28+(G$2*(D29-C28)) -> 0.040522804 | D29: =C28 -> 0.040522804 | F29: =SUM(F4:F28) -> 0.045087702 | G29: SSE | H29: =SUM(H4:H28) -> 132.81254
A30: 27 | C30: =C29+(G$2*(D30-C29)) -> 0.040522804 | D30: =C29 -> 0.040522804 | F30: =SQRT(F29/(25-1)) -> 0.043343445 | G30: s
A31: 28 | C31: =C30+(G$2*(D31-C30)) -> 0.040522804 | D31: =C30 -> 0.040522804 | F31: =SQRT(F29/25) -> 0.04246773 | G31: RMSE
A32: 29 | C32: =C31+(G$2*(D32-C31)) -> 0.040522804 | D32: =C31 -> 0.040522804 | G32: MAPE | H32: =H29/25*100 -> 531.25015

Sheet SESF
A1: t | B1: t | C1: Y^ | D1: se(Y^) | E1: Z0.025se(Y^) | F1: Y^L | G1: Y^U | H1: s | I1: a
D2: s*sqrt(1+(t-1)a2) | F2: Y^-D | G2: Y^+D | H2: =SES!F30 -> 0.043343445 | I2: =SES!G2 -> 0.2
A3: =SES!A29 -> 26 | B3: 1 | C3: =SES!D29 -> 0.040522804 | D3: =H$2*SQRT(1+((B3-1)*(I$2^2))) -> 0.043343445 | E3: =1.96*D3 -> 0.084953152 | F3: =$C$3-$E3 -> -0.044430348 | G3: =$C$3+$E3 -> 0.12547596
A4: =SES!A30 -> 27 | B4: 2 | C4: =SES!D30 -> 0.040522804 | D4: =H$2*SQRT(1+((B4-1)*(I$2^2))) -> 0.044201815 | E4: =1.96*D4 -> 0.086635556 | F4: =$C$3-$E4 -> -0.046112752 | G4: =$C$3+$E4 -> 0.12715836
A5: =SES!A31 -> 28 | B5: 3 | C5: =SES!D31 -> 0.040522804 | D5: =H$2*SQRT(1+((B5-1)*(I$2^2))) -> 0.04504383 | E5: =1.96*D5 -> 0.088285906 | F5: =$C$3-$E5 -> -0.047763102 | G5: =$C$3+$E5 -> 0.12880871
A6: =SES!A32 -> 29 | B6: 4 | C6: =SES!D32 -> 0.040522804 | D6: =H$2*SQRT(1+((B6-1)*(I$2^2))) -> 0.045870391 | E6: =1.96*D6 -> 0.089905966 | F6: =$C$3-$E6 -> -0.049383162 | G6: =$C$3+$E6 -> 0.13042877
